,Majors,Terms in Attendance
0,Materials Science & Eng BS,5
1,"Economics BA, Statistics BA",5
2,Computer Science BA,5
3,Computer Science BA,7
4,Data Science BA,5
5,Letters & Sci Undeclared UG,3
6,Letters & Sci Undeclared UG,8
7,"Business Administration BS, Electrical Eng & Comp Sci BS",3
8,"Applied Mathematics BA, Computer Science BA",5
9,Letters & Sci Undeclared UG,5
10,Cognitive Science BA,3
11,Data Science BA,5
12,Letters & Sci Undeclared UG,5
13,Letters & Sci Undeclared UG,5
14,Letters & Sci Undeclared UG,3
15,Applied Mathematics BA,6
16,Cognitive Science BA,7
17,Computer Science BA,8
18,Letters & Sci Undeclared UG,5
19,Bioengineering BS,5
20,Computer Science BA,6
21,Bioengineering BS,7
22,Applied Mathematics BA,7
23,Computer Science BA,8
24,Letters & Sci Undeclared UG,3
25,Letters & Sci Undeclared UG,5
26,Letters & Sci Undeclared UG,7
27,"Data Science BA, Public Health BA",7
28,Electrical Eng & Comp Sci BS,5
29,Letters & Sci Undeclared UG,5
30,Data Science BA,7
31,Letters & Sci Undeclared UG,5
32,Chemical Engineering BS,5
33,Computer Science BA,5
34,Electrical Eng & Comp Sci BS,5
35,Electrical Eng & Comp Sci BS,7
36,Letters & Sci Undeclared UG,7
37,Industrial Eng & Ops Rsch BS,3
38,Economics BA,7
39,Letters & Sci Undeclared UG,7
40,Industrial Eng & Ops Rsch BS,7
41,Economics BA,4
42,Letters & Sci Undeclared UG,5
43,"Data Science BA, Economics BA",5
44,"Computer Science BA, Film BA",5
45,Letters & Sci Undeclared UG,5
46,Data Science BA,7
47,"Data Science BA, Economics BA",5
48,Economics BA,5
49,Applied Mathematics BA,7
50,Computer Science BA,7
51,Computer Science BA,7
52,Electrical Eng & Comp Sci BS,5
53,Public Health BA,5
54,"Cognitive Science BA, Data Science BA",5
55,Applied Mathematics BA,3
56,Economics BA,8
57,Letters & Sci Undeclared UG,5
58,Business Administration BS,7
59,Data Science BA,3
60,Interdisciplinary Studies BA,5
61,Economics BA,7
62,"Chemistry BS, Computer Science BA",5
63,"Cognitive Science BA, Data Science BA",5
64,Economics BA,5
65,"Applied Mathematics BA, Cognitive Science BA",7
66,Computer Science BA,3
67,Mechanical Engineering BS,6
68,Letters & Sci Undeclared UG,3
69,Computer Science BA,5
70,"Business Administration BS, Electrical Eng & Comp Sci BS",5
71,"Chemical Engineering BS, Sociology BA",7
72,Molecular & Cell Biology BA,5
73,Mathematics BA,8
74,Data Science BA,5
75,Chemical Engineering BS,5
76,Computer Science BA,5
77,Letters & Sci Undeclared UG,3
78,Letters & Sci Undeclared UG,7
79,Letters & Sci Undeclared UG,5
80,Electrical Eng & Comp Sci BS,5
81,Letters & Sci Undeclared UG,3
82,Letters & Sci Undeclared UG,3
83,Letters & Sci Undeclared UG,7
84,Mechanical Engineering BS,7
85,Cognitive Science BA,5
86,Applied Mathematics BA,5
87,Electrical Eng & Comp Sci BS,8
88,Cognitive Science BA,6
89,MCB-Biochem & Mol Biol BA,8
90,Cognitive Science BA,6
91,Geophysics BA,7
92,Computer Science BA,3
93,Letters & Sci Undeclared UG,3
94,Economics BA,5
95,Data Science BA,5
96,Economics BA,5
97,Electrical Eng & Comp Sci BS,5
98,Letters & Sci Undeclared UG,3
99,Economics BA,7
100,Data Science BA,5
101,Chemical Engineering BS,7
102,Molecular Environ Biology BS,5
103,Letters & Sci Undeclared UG,3
104,"Electrical Eng & Comp Sci BS, Materials Science & Eng BS",5
105,Computer Science BA,5
106,Industrial Eng & Ops Rsch BS,7
107,Letters & Sci Undeclared UG,5
108,Letters & Sci Undeclared UG,3
109,Letters & Sci Undeclared UG,5
110,Statistics BA,7
111,"Business Administration BS, Computer Science BA, Letters & Sci Undeclared UG",8
112,Letters & Sci Undeclared UG,3
113,Cognitive Science BA,5
114,Applied Mathematics BA,7
115,Letters & Sci Undeclared UG,3
116,Letters & Sci Undeclared UG,3
117,Letters & Sci Undeclared UG,5
118,Electrical Eng & Comp Sci BS,3
119,Mechanical Engineering BS,5
120,"Computer Science BA, Molecular & Cell Biology BA",5
121,Applied Mathematics BA,7
122,Cognitive Science BA,5
123,Economics BA,5
124,Letters & Sci Undeclared UG,7
125,Computer Science BA,5
126,Cognitive Science BA,5
127,Applied Mathematics BA,8
128,"Economics BA, Environmental Sciences BS, History BA",7
129,Letters & Sci Undeclared UG,5
130,Computer Science BA,7
131,"Economics BA, Psychology BA",5
132,Data Science BA,5
133,"CNR Undeclared UG, Cognitive Science BA",7
134,Letters & Sci Undeclared UG,5
135,"Applied Mathematics BA, Computer Science BA",3
136,Computer Science BA,8
137,Electrical Eng & Comp Sci BS,5
138,Letters & Sci Undeclared UG,3
139,Letters & Sci Undeclared UG,3
140,"Business Administration BS, Environ Econ & Policy BS, Environmental Sciences BS, Letters & Sci Undeclared UG",7
141,Media Studies BA,7
142,"Chemical Engineering BS, Computer Science BA",5
143,Electrical Eng & Comp Sci BS,3
144,Computer Science BA,5
145,Molecular & Cell Biology BA,7
146,Letters & Sci Undeclared UG,3
147,Cognitive Science BA,8
148,Electrical Eng & Comp Sci BS,6
149,Letters & Sci Undeclared UG,5
150,"Chemistry BS, Cognitive Science BA",5
151,Letters & Sci Undeclared UG,5
152,Economics BA,5
153,Computer Science BA,5
154,Cognitive Science BA,5
155,Data Science BA,7
156,Applied Mathematics BA,5
157,"Cognitive Science BA, Molecular Environ Biology BS",5
158,Letters & Sci Undeclared UG,5
159,Environmental Sciences BS,3
160,Computer Science BA,5
161,"Business Administration BS, Electrical Eng & Comp Sci BS",5
162,Letters & Sci Undeclared UG,4
163,Letters & Sci Undeclared UG,5
164,Data Science BA,7
165,"Data Science BA, Economics BA",5
166,Letters & Sci Undeclared UG,3
167,Computer Science BA,7
168,Electrical Eng & Comp Sci BS,5
169,Computer Science BA,7
170,Applied Mathematics BA,7
171,Letters & Sci Undeclared UG,3
172,Letters & Sci Undeclared UG,7
173,Economics BA,5
174,Letters & Sci Undeclared UG,7
175,Letters & Sci Undeclared UG,5
176,Electrical Eng & Comp Sci BS,5
177,Computer Science BA,3
178,Electrical Eng & Comp Sci BS,5
179,Economics BA,7
180,"Chemical Biology BS, Letters & Sci Undeclared UG",5
181,Computer Science BA,5
182,"Computer Science BA, Molecular & Cell Biology BA",7
183,Letters & Sci Undeclared UG,5
184,Computer Science BA,5
185,"Computer Science BA, Data Science BA",3
186,Electrical Eng & Comp Sci BS,7
187,"Data Science BA, Economics BA",5
188,Computer Science BA,3
189,"Applied Mathematics BA, Civil Engineering BS",8
190,"Chemical Engineering BS, Computer Science BA",7
191,Computer Science BA,5
192,"Electrical Eng & Comp Sci BS, Letters & Sci Undeclared UG",5
193,Microbial Biology BS,3
194,"Cognitive Science BA, Data Science BA",5
195,Letters & Sci Undeclared UG,7
196,"Cognitive Science BA, Molecular & Cell Biology BA",5
197,Computer Science BA,7
198,"Computer Science BA, Data Science BA, Economics BA",7
199,Letters & Sci Undeclared UG,3
200,Letters & Sci Undeclared UG,3
201,"Data Science BA, Economics BA",5
202,Letters & Sci Undeclared UG,3
203,"Chemical Engineering BS, Letters & Sci Undeclared UG",3
204,Letters & Sci Undeclared UG,5
205,Cognitive Science BA,7
206,Letters & Sci Undeclared UG,7
207,Mathematics BA,6
208,Computer Science BA,7
209,Economics BA,7
210,Electrical Eng & Comp Sci BS,5
211,Data Science BA,5
212,Nutritional Science BS,5
213,Letters & Sci Undeclared UG,5
214,"Environmental Sciences BS, Letters & Sci Undeclared UG",5
215,Computer Science BA,5
216,Letters & Sci Undeclared UG,3
217,Electrical Eng & Comp Sci BS,5
218,Computer Science BA,8
219,Data Science BA,7
220,Electrical Eng & Comp Sci BS,5
221,Economics BA,5
222,"Business Administration BS, Computer Science BA",5
223,"Business Administration BS, Computer Science BA",5
224,Letters & Sci Undeclared UG,3
225,Cognitive Science BA,5
226,Computer Science BA,7
227,Computer Science BA,5
228,Data Science BA,5
229,Electrical Eng & Comp Sci BS,7
230,Applied Mathematics BA,8
231,"Cognitive Science BA, Computer Science BA",7
232,Letters & Sci Undeclared UG,7
233,Cognitive Science BA,5
234,"Data Science BA, Economics BA",5
235,Computer Science BA,3
236,Electrical Eng & Comp Sci BS,8
237,Cognitive Science BA,5
238,Computer Science BA,3
239,Letters & Sci Undeclared UG,5
240,Letters & Sci Undeclared UG,3
241,Letters & Sci Undeclared UG,6
242,"Computer Science BA, Economics BA",7
243,Letters & Sci Undeclared UG,7
244,Economics BA,7
245,Electrical Eng & Comp Sci BS,5
246,Computer Science BA,5
247,"Cognitive Science BA, Society and Environment BS",8
248,Bioengineering BS,7
249,Computer Science BA,7
250,Economics BA,7
251,Letters & Sci Undeclared UG,7
252,"Chemistry BS, Letters & Sci Undeclared UG",7
253,Letters & Sci Undeclared UG,7
254,Economics BA,7
255,Letters & Sci Undeclared UG,5
256,Computer Science BA,5
257,Letters & Sci Undeclared UG,5
258,Economics BA,5
259,Economics BA,5
260,Electrical Eng & Comp Sci BS,5
261,Electrical Eng & Comp Sci BS,7
262,Electrical Eng & Comp Sci BS,7
263,"Business Administration BS, Electrical Eng & Comp Sci BS",8
264,Computer Science BA,5
265,Cognitive Science BA,7
266,Comparative Literature BA,7
267,Letters & Sci Undeclared UG,3
268,"Computer Science BA, Data Science BA, Economics BA",6
269,"Cognitive Science BA, Data Science BA",5
270,Letters & Sci Undeclared UG,5
271,Computer Science BA,5
272,Computer Science BA,5
273,"Economics BA, Industrial Eng & Ops Rsch BS",5
274,Computer Science BA,7
275,"Applied Mathematics BA, Data Science BA",5
276,"Computer Science BA, Statistics BA",7
277,Letters & Sci Undeclared UG,3
278,MCB-Immunology BA,7
279,"Business Administration BS, Data Science BA, Electrical Eng & Comp Sci BS",7
280,Letters & Sci Undeclared UG,5
281,Economics BA,5
282,Mathematics BA,6
283,Applied Mathematics BA,8
284,"Computer Science BA, Music BA",7
285,Applied Mathematics BA,7
286,Data Science BA,7
287,Data Science BA,7
288,Computer Science BA,7
289,Applied Mathematics BA,7
290,Industrial Eng & Ops Rsch BS,3
291,Electrical Eng & Comp Sci BS,5
292,"Applied Mathematics BA, Economics BA",7
293,"Economics BA, Public Health BA",5
294,Computer Science BA,7
295,Computer Science BA,5
296,Letters & Sci Undeclared UG,5
297,Interdisciplinary Studies BA,7
298,Electrical Eng & Comp Sci BS,3
299,Computer Science BA,5
300,Civil Engineering BS,5
301,"Data Science BA, Economics BA",5
302,Data Science BA,5
303,"Business Administration BS, Letters & Sci Undeclared UG",7
304,Cognitive Science BA,5
305,Data Science BA,5
306,Letters & Sci Undeclared UG,3
307,Electrical Eng & Comp Sci BS,5
308,Statistics BA,5
309,Letters & Sci Undeclared UG,5
310,Astrophysics BA,7
311,Letters & Sci Undeclared UG,7
312,Data Science BA,5
313,Molecular & Cell Biology BA,5
314,"Economics BA, Environ Econ & Policy BS",8
315,Computer Science BA,5
316,Letters & Sci Undeclared UG,5
317,Electrical Eng & Comp Sci BS,7
318,Economics BA,5
319,Electrical Eng & Comp Sci BS,5
320,Civil Engineering BS,8
321,Economics BA,5
322,Letters & Sci Undeclared UG,3
323,Civil Engineering BS,5
324,Letters & Sci Undeclared UG,3
325,Data Science BA,8
326,"Data Science BA, Mechanical Engineering BS",7
327,Electrical Eng & Comp Sci BS,3
328,"Chemistry BS, Letters & Sci Undeclared UG",5
329,Cognitive Science BA,5
330,"Conserv & Resource Stds BS, Data Science BA",7
331,Electrical Eng & Comp Sci BS,5
332,"Chemical Engineering BS, Data Science BA",3
333,Letters & Sci Undeclared UG,3
334,Electrical Eng & Comp Sci BS,5
335,Letters & Sci Undeclared UG,3
336,Letters & Sci Undeclared UG,7
337,Molecular & Cell Biology BA,5
338,"Economics BA, Psychology BA",7
339,Letters & Sci Undeclared UG,3
340,Electrical Eng & Comp Sci BS,5
341,Applied Mathematics BA,7
342,Computer Science BA,7
343,Business Administration BS,5
344,Computer Science BA,7
345,Mathematics BA,8
346,"Computer Science BA, Molecular Environ Biology BS",5
347,Letters & Sci Undeclared UG,5
348,"Applied Mathematics BA, Computer Science BA",7
349,Economics BA,3
350,Sustainable Environ Dsgn BA,5
351,Letters & Sci Undeclared UG,5
352,Letters & Sci Undeclared UG,5
353,Political Science BA,5
354,Data Science BA,7
355,Letters & Sci Undeclared UG,7
356,Computer Science BA,5
357,Computer Science BA,7
358,"Cognitive Science BA, Computer Science BA",5
359,Statistics BA,7
360,"Business Administration BS, Letters & Sci Undeclared UG",7
361,"Business Administration BS, Letters & Sci Undeclared UG",5
362,Materials Science & Eng BS,5
363,Letters & Sci Undeclared UG,7
364,Letters & Sci Undeclared UG,7
365,Letters & Sci Undeclared UG,6
366,"Applied Mathematics BA, Computer Science BA",5
367,"Applied Mathematics BA, Environmental Sciences BS",7
368,Eng Math & Statistics BS,3
369,Letters & Sci Undeclared UG,3
370,Molecular & Cell Biology BA,7
371,Economics BA,5
372,"Business Administration BS, Letters & Sci Undeclared UG",7
373,Electrical Eng & Comp Sci BS,7
374,Chemistry BS,6
375,Computer Science BA,7
376,Economics BA,7
377,Economics BA,6
378,Letters & Sci Undeclared UG,5
379,Economics BA,5
380,Statistics BA,7
381,Data Science BA,5
382,Applied Mathematics BA,8
383,Letters & Sci Undeclared UG,5
384,Applied Mathematics BA,7
385,Letters & Sci Undeclared UG,3
386,Electrical Eng & Comp Sci BS,5
387,"Chemical Engineering BS, Letters & Sci Undeclared UG",5
388,Letters & Sci Undeclared UG,3
389,"Environ Econ & Policy BS, Environmental Sciences BS",5
390,Letters & Sci Undeclared UG,7
391,"Business Administration BS, Letters & Sci Undeclared UG, Statistics BA",7
392,Business Administration BS,5
393,Computer Science BA,3
394,Cognitive Science BA,5
395,"Cognitive Science BA, Computer Science BA",5
396,Computer Science BA,3
397,Data Science BA,3
398,"Eng Math & Statistics BS, Environ Econ & Policy BS",7
399,Civil Engineering BS,7
400,Applied Mathematics BA,8
401,Cognitive Science BA,5
402,Letters & Sci Undeclared UG,5
403,Mathematics BA,6
404,Computer Science BA,3
405,Letters & Sci Undeclared UG,6
406,Letters & Sci Undeclared UG,5
407,Letters & Sci Undeclared UG,5
408,Electrical Eng & Comp Sci BS,5
409,"Computer Science BA, Data Science BA",5
410,Civil Engineering BS,5
411,Electrical Eng & Comp Sci BS,5
412,Computer Science BA,7
413,Economics BA,7
414,"CNR Undeclared UG, Economics BA",7
415,"Civil Engineering BS, Computer Science BA",5
416,Economics BA,5
417,Economics BA,7
418,Applied Mathematics BA,7
419,"Data Science BA, Economics BA",7
420,Materials Science & Eng BS,8
421,Political Science BA,5
422,Letters & Sci Undeclared UG,3
423,"Applied Mathematics BA, Computer Science BA",5
424,Letters & Sci Undeclared UG,3
425,Letters & Sci Undeclared UG,7
426,Computer Science BA,5
427,"Applied Mathematics BA, Computer Science BA",7
428,Civil Engineering BS,7
429,Economics BA,7
430,Computer Science BA,5
431,Ops Research & Mgmt Sci BA,3
432,Economics BA,5
433,Applied Mathematics BA,7
434,Computer Science BA,5
435,Economics BA,7
436,Electrical Eng & Comp Sci BS,5
437,Letters & Sci Undeclared UG,5
438,Computer Science BA,5
439,"Business Administration BS, Computer Science BA",5
440,Letters & Sci Undeclared UG,8
441,Letters & Sci Undeclared UG,3
442,"Computer Science BA, Economics BA",5
443,Letters & Sci Undeclared UG,3
444,Letters & Sci Undeclared UG,7
445,Cognitive Science BA,3
446,Letters & Sci Undeclared UG,7
447,Legal Studies BA,7
448,"Business Administration BS, Data Science BA",5
449,Computer Science BA,7
450,Letters & Sci Undeclared UG,7
451,Electrical Eng & Comp Sci BS,7
452,Letters & Sci Undeclared UG,3
453,Letters & Sci Undeclared UG,7
454,Chemical Biology BS,7
455,Letters & Sci Undeclared UG,3
456,Letters & Sci Undeclared UG,3
457,Applied Mathematics BA,5
458,Data Science BA,5
459,Electrical Eng & Comp Sci BS,5
460,"Cognitive Science BA, Computer Science BA",7
461,Letters & Sci Undeclared UG,3
462,"Bioengineering BS, Electrical Eng & Comp Sci BS",7
463,Cognitive Science BA,5
464,Letters & Sci Undeclared UG,8
465,Electrical Eng & Comp Sci BS,6
466,Electrical Eng & Comp Sci BS,5
467,Bioengineering BS,3
468,Computer Science BA,7
469,Computer Science BA,7
470,Electrical Eng & Comp Sci BS,7
471,Economics BA,7
472,Applied Mathematics BA,7
473,Letters & Sci Undeclared UG,5
474,Computer Science BA,5
475,Computer Science BA,3
476,Computer Science BA,5
477,Economics BA,7
478,"Letters & Sci Undeclared UG, Materials Science & Eng BS",4
479,Industrial Eng & Ops Rsch BS,7
480,Chemical Engineering BS,7
481,"Architecture BA, Cognitive Science BA",7
482,Cognitive Science BA,8
483,Letters & Sci Undeclared UG,3
484,Data Science BA,3
485,Economics BA,5
486,Electrical Eng & Comp Sci BS,7
487,Computer Science BA,3
488,Letters & Sci Undeclared UG,5
489,"Applied Mathematics BA, Integrative Biology BA",8
490,"Chemical Biology BS, Computer Science BA",7
491,Computer Science BA,5
492,"Computer Science BA, Film BA",7
493,Letters & Sci Undeclared UG,5
494,Computer Science BA,4
495,Letters & Sci Undeclared UG,3
496,Chemical Engineering BS,5
497,Economics BA,7
498,Letters & Sci Undeclared UG,3
499,Computer Science BA,5
500,Cognitive Science BA,5
501,Letters & Sci Undeclared UG,3
502,Economics BA,7
503,Political Economy BA,5
504,"Bioengineering BS, Electrical Eng & Comp Sci BS",5
505,Letters & Sci Undeclared UG,5
506,Data Science BA,5
507,Economics BA,5
508,Computer Science BA,8
509,Economics BA,5
510,Bioengineering BS,6
511,Letters & Sci Undeclared UG,3
512,Letters & Sci Undeclared UG,8
513,Letters & Sci Undeclared UG,3
514,Electrical Eng & Comp Sci BS,7
515,"Applied Mathematics BA, Computer Science BA",5
516,"Applied Mathematics BA, Economics BA",5
517,Letters & Sci Undeclared UG,7
518,"Economics BA, Electrical Eng & Comp Sci BS",5
519,Letters & Sci Undeclared UG,5
520,Letters & Sci Undeclared UG,3
521,Computer Science BA,8
522,Letters & Sci Undeclared UG,8
523,Computer Science BA,3
524,Economics BA,5
525,Letters & Sci Undeclared UG,3
526,Economics BA,7
527,Electrical Eng & Comp Sci BS,5
528,Letters & Sci Undeclared UG,5
529,Data Science BA,5
530,Applied Mathematics BA,7
531,Cognitive Science BA,5
532,"Business Administration BS, Industrial Eng & Ops Rsch BS",7
533,Electrical Eng & Comp Sci BS,5
534,"Chemistry BS, Letters & Sci Undeclared UG",7
535,Data Science BA,5
536,MCB-Biochem & Mol Biol BA,8
537,Letters & Sci Undeclared UG,7
538,Economics BA,7
539,Applied Mathematics BA,5
540,Public Health BA,7
541,Cognitive Science BA,6
542,Letters & Sci Undeclared UG,7
543,Letters & Sci Undeclared UG,3
544,"Computer Science BA, Physics BA",7
545,"Data Science BA, Microbial Biology BS",5
546,Data Science BA,5
547,Cognitive Science BA,5
548,Computer Science BA,3
549,"Data Science BA, Statistics BA",5
550,Mechanical Engineering BS,7
551,"Business Administration BS, Electrical Eng & Comp Sci BS",3
552,Letters & Sci Undeclared UG,3
553,Cognitive Science BA,5
554,Letters & Sci Undeclared UG,5
555,Environ Econ & Policy BS,5
556,"Chemical Engineering BS, Industrial Eng & Ops Rsch BS",7
557,Letters & Sci Undeclared UG,5
558,Computer Science BA,5
559,Bioengineering BS,5
560,"Business Administration BS, Economics BA",7
561,Computer Science BA,5
562,Letters & Sci Undeclared UG,7
563,"Business Administration BS, Letters & Sci Undeclared UG",5
564,Economics BA,7
565,Letters & Sci Undeclared UG,5
566,Electrical Eng & Comp Sci BS,7
567,"Business Administration BS, Physics BA",7
568,Letters & Sci Undeclared UG,7
569,Economics BA,7
570,Letters & Sci Undeclared UG,3
571,Letters & Sci Undeclared UG,3
572,Economics BA,5
573,Computer Science BA,5
574,Economics BA,8
575,Electrical Eng & Comp Sci BS,5
576,Letters & Sci Undeclared UG,5
577,Letters & Sci Undeclared UG,7
578,Letters & Sci Undeclared UG,5
579,Eng Math & Statistics BS,5
580,Computer Science BA,7
581,"Business Administration BS, Letters & Sci Undeclared UG",7
582,Civil Engineering BS,5
583,Data Science BA,5
584,Letters & Sci Undeclared UG,5
585,Letters & Sci Undeclared UG,7
586,Letters & Sci Undeclared UG,3
587,Letters & Sci Undeclared UG,5
588,Computer Science BA,3
589,Letters & Sci Undeclared UG,3
590,Molecular & Cell Biology BA,5
591,Applied Mathematics BA,5
592,Computer Science BA,6
593,Data Science BA,6
594,"Letters & Sci Undeclared UG, Molecular Environ Biology BS",3
595,Electrical Eng & Comp Sci BS,3
596,Letters & Sci Undeclared UG,3
597,Economics BA,7
598,Eng Math & Statistics BS,7
599,"Environ Econ & Policy BS, Letters & Sci Undeclared UG",7
600,Economics BA,5
601,Computer Science BA,3
602,Molecular & Cell Biology BA,7
603,Computer Science BA,5
604,Geology BA,5
605,Letters & Sci Undeclared UG,3
606,Letters & Sci Undeclared UG,7
607,Electrical Eng & Comp Sci BS,7
608,Electrical Eng & Comp Sci BS,5
609,Electrical Eng & Comp Sci BS,3
610,"Business Administration BS, Economics BA",7
611,Electrical Eng & Comp Sci BS,7
612,Letters & Sci Undeclared UG,3
613,Letters & Sci Undeclared UG,3
614,Letters & Sci Undeclared UG,7
615,Letters & Sci Undeclared UG,7
616,Chemical Biology BS,5
617,"Business Administration BS, Economics BA",5
618,"Applied Mathematics BA, Chemistry BS",7
619,Materials Science & Eng BS,7
620,Letters & Sci Undeclared UG,5
621,Letters & Sci Undeclared UG,5
622,Letters & Sci Undeclared UG,3
623,"Chemical Engineering BS, Letters & Sci Undeclared UG",5
624,Data Science BA,5
625,Public Health BA,5
626,"Applied Mathematics BA, Environmental Sciences BS",5
627,Letters & Sci Undeclared UG,3
628,"Data Science BA, Economics BA",5
629,Mathematics BA,8
630,"Business Administration BS, Letters & Sci Undeclared UG",5
631,Letters & Sci Undeclared UG,5
632,Data Science BA,3
633,Computer Science BA,5
634,Computer Science BA,8
635,Public Health BA,8
636,Computer Science BA,8
637,Chemical Engineering BS,7
638,Letters & Sci Undeclared UG,7
639,"Applied Mathematics BA, Computer Science BA",5
640,Economics BA,5
641,"Data Science BA, Economics BA",5
642,Computer Science BA,3
643,Letters & Sci Undeclared UG,5
644,Public Health BA,5
645,"Applied Mathematics BA, Computer Science BA",5
646,Computer Science BA,8
647,"Business Administration BS, Economics BA",5
648,Computer Science BA,5
649,Data Science BA,7
650,Applied Mathematics BA,8
651,Letters & Sci Undeclared UG,3
652,Economics BA,7
653,Letters & Sci Undeclared UG,7
654,"Data Science BA, Forestry & Natural Res BS",8
655,Data Science BA,5
656,Electrical Eng & Comp Sci BS,5
657,Public Health BA,5
658,"Data Science BA, Economics BA",8
659,Industrial Eng & Ops Rsch BS,7
660,Letters & Sci Undeclared UG,3
661,Rhetoric BA,8
662,Computer Science BA,6
663,Computer Science BA,5
664,Statistics BA,5
665,Letters & Sci Undeclared UG,3
666,Letters & Sci Undeclared UG,7
667,Data Science BA,5
668,Letters & Sci Undeclared UG,3
669,Eng Math & Statistics BS,5
670,Electrical Eng & Comp Sci BS,5
671,"Civil Engineering BS, Industrial Eng & Ops Rsch BS",7
672,"Applied Mathematics BA, Computer Science BA",5
673,Eng Math & Statistics BS,3
674,Industrial Eng & Ops Rsch BS,7
675,Computer Science BA,5
676,Computer Science BA,7
677,Electrical Eng & Comp Sci BS,5
678,Letters & Sci Undeclared UG,5
679,Computer Science BA,8
680,"Environmental Sciences BS, Letters & Sci Undeclared UG",5
681,"Business Administration BS, Electrical Eng & Comp Sci BS",5
682,Economics BA,5
683,"Business Administration BS, Letters & Sci Undeclared UG",5
684,Civil Engineering BS,5
685,Economics BA,7
686,Electrical Eng & Comp Sci BS,8
687,Letters & Sci Undeclared UG,3
688,Computer Science BA,3
689,Electrical Eng & Comp Sci BS,5
690,Letters & Sci Undeclared UG,5
691,Data Science BA,8
692,Mechanical Engineering BS,8
693,Data Science BA,5
694,Business Administration BS,5
695,Data Science BA,5
696,Applied Mathematics BA,8
697,Computer Science BA,3
698,Letters & Sci Undeclared UG,1
699,Electrical Eng & Comp Sci BS,5
700,Computer Science BA,3
701,Political Economy BA,7
702,"Bioengineering BS, Electrical Eng & Comp Sci BS",8
703,Computer Science BA,5
704,Applied Mathematics BA,3
705,Computer Science BA,8
706,Applied Mathematics BA,6
707,Cognitive Science BA,8
708,Computer Science BA,7
709,Mechanical Engineering BS,7
710,"Chemistry BS, Letters & Sci Undeclared UG",7
711,Civil Engineering BS,3
712,Computer Science BA,7
713,Letters & Sci Undeclared UG,7
714,Chemical Engineering BS,5
715,Molecular & Cell Biology BA,5
716,Letters & Sci Undeclared UG,3
717,Letters & Sci Undeclared UG,7
718,Engineering Undeclared UG,3
719,Civil Engineering BS,8
720,Computer Science BA,8
721,Computer Science BA,7
722,"Economics BA, Molecular Environ Biology BS",5
723,"Data Science BA, Linguistics BA",5
724,Statistics BA,7
725,Letters & Sci Undeclared UG,3
726,Computer Science BA,7
727,Computer Science BA,7
728,Statistics BA,7
729,"Chemical Engineering BS, Industrial Eng & Ops Rsch BS",5
730,"Applied Mathematics BA, Data Science BA",5
731,Civil Engineering BS,5
732,Electrical Eng & Comp Sci BS,3
733,Integrative Biology BA,8
734,Chemical Engineering BS,5
735,Letters & Sci Undeclared UG,3
736,Economics BA,7
737,Political Economy BA,6
738,Economics BA,5
739,"Business Administration BS, Electrical Eng & Comp Sci BS",5
740,Public Health BA,5
741,Computer Science BA,7
742,Computer Science BA,7
743,Letters & Sci Undeclared UG,3
744,"Architecture BA, Letters & Sci Undeclared UG",5
745,"Data Science BA, Economics BA",5
746,Letters & Sci Undeclared UG,3
747,Industrial Eng & Ops Rsch BS,5
748,Letters & Sci Undeclared UG,5
749,Civil Engineering BS,7
750,Astrophysics BA,5
751,Electrical Eng & Comp Sci BS,5
752,Letters & Sci Undeclared UG,5
753,Letters & Sci Undeclared UG,7
754,Letters & Sci Undeclared UG,5
755,Applied Mathematics BA,7
756,Letters & Sci Undeclared UG,3
757,Data Science BA,6
758,Chemistry BS,7
759,Economics BA,8
760,"Industrial Eng & Ops Rsch BS, Letters & Sci Undeclared UG",7
761,Computer Science BA,5
762,Materials Science & Eng BS,7
763,Electrical Eng & Comp Sci BS,3
764,"CNR Undeclared UG, Letters & Sci Undeclared UG",5
765,"Bioengineering BS, Letters & Sci Undeclared UG",7
766,Economics BA,5
767,"Eng Math & Statistics BS, Letters & Sci Undeclared UG",6
768,Data Science BA,5
769,Letters & Sci Undeclared UG,3
770,Bioengineering BS,5
771,Letters & Sci Undeclared UG,5
772,"Computer Science BA, Materials Science & Eng BS",7
773,Computer Science BA,5
774,Psychology BA,7
775,Economics BA,7
776,Cognitive Science BA,5
777,Electrical Eng & Comp Sci BS,3
778,"Data Science BA, Statistics BA",8
779,Letters & Sci Undeclared UG,3
780,"CNR Undeclared UG, Economics BA, Statistics BA",7
781,"Business Administration BS, Electrical Eng & Comp Sci BS",5
782,"Business Administration BS, Letters & Sci Undeclared UG",7
783,Letters & Sci Undeclared UG,5
784,"Applied Mathematics BA, Economics BA",7
785,Letters & Sci Undeclared UG,5
786,Letters & Sci Undeclared UG,5
787,Electrical Eng & Comp Sci BS,5
788,"Data Science BA, Ethnic Studies BA",5
789,Letters & Sci Undeclared UG,5
790,Electrical Eng & Comp Sci BS,7
791,Data Science BA,5
792,Electrical Eng & Comp Sci BS,7
793,Industrial Eng & Ops Rsch BS,5
794,Molecular & Cell Biology BA,5
795,Computer Science BA,7
796,Electrical Eng & Comp Sci BS,7
797,Computer Science BA,6
798,"Computer Science BA, Linguistics BA",5
799,Economics BA,5
800,Letters & Sci Undeclared UG,4
801,Electrical Eng & Comp Sci BS,5
802,Computer Science BA,3
803,Letters & Sci Undeclared UG,3
804,Data Science BA,7
805,Letters & Sci Undeclared UG,4
806,Letters & Sci Undeclared UG,3
807,Data Science BA,5
808,Economics BA,8
809,Letters & Sci Undeclared UG,5
810,Mechanical Engineering BS,7
811,"Business Administration BS, Letters & Sci Undeclared UG",7
812,"Business Administration BS, Letters & Sci Undeclared UG",5
813,Letters & Sci Undeclared UG,3
814,"Civil Engineering BS, Data Science BA",8
815,Electrical Eng & Comp Sci BS,7
816,Electrical Eng & Comp Sci BS,8
817,Electrical Eng & Comp Sci BS,5
818,Data Science BA,7
819,Industrial Eng & Ops Rsch BS,5
820,Civil Engineering BS,7
821,Economics BA,7
822,Data Science BA,5
823,Data Science BA,5
824,Computer Science BA,7
825,Electrical Eng & Comp Sci BS,5
826,Electrical Eng & Comp Sci BS,5
827,Electrical Eng & Comp Sci BS,7
828,Integrative Biology BA,7
829,Letters & Sci Undeclared UG,5
830,Letters & Sci Undeclared UG,3
831,Electrical Eng & Comp Sci BS,7
832,Computer Science BA,5
833,"Business Administration BS, Letters & Sci Undeclared UG",5
834,Electrical Eng & Comp Sci BS,7
835,Economics BA,5
836,Computer Science BA,7
837,"Chemical Engineering BS, Letters & Sci Undeclared UG",6
838,Molecular Environ Biology BS,5
839,Letters & Sci Undeclared UG,5
840,Computer Science BA,5
841,Letters & Sci Undeclared UG,5
842,English BA,7
843,Letters & Sci Undeclared UG,3
844,"Data Science BA, Molecular & Cell Biology BA",5
845,Economics BA,5
846,Letters & Sci Undeclared UG,5
847,Applied Mathematics BA,7
848,Public Health BA,3
849,Electrical Eng & Comp Sci BS,5
850,Chemical Engineering BS,7
851,Letters & Sci Undeclared UG,5
852,Electrical Eng & Comp Sci BS,3
853,Mechanical Engineering BS,8
854,Letters & Sci Undeclared UG,5
855,Data Science BA,3
856,Psychology BA,5
857,"Business Administration BS, Electrical Eng & Comp Sci BS",5
858,"Business Administration BS, Economics BA, Letters & Sci Undeclared UG",7
859,"Business Administration BS, Letters & Sci Undeclared UG",5
860,Bioengineering BS,5
861,"Business Administration BS, Economics BA, Letters & Sci Undeclared UG",7
862,"Business Administration BS, Electrical Eng & Comp Sci BS",3
863,"Chemical Biology BS, Economics BA",7
864,MCB-Immunology BA,7
865,"Chemical Engineering BS, Letters & Sci Undeclared UG",8
866,Computer Science BA,5
867,"CNR Undeclared UG, Economics BA",7
868,Psychology BA,5
869,Materials Science & Eng BS,5
870,Electrical Eng & Comp Sci BS,5
871,Psychology BA,8
872,"Business Administration BS, Electrical Eng & Comp Sci BS",3
873,"CNR Undeclared UG, Economics BA",7
874,Applied Mathematics BA,7
875,Letters & Sci Undeclared UG,3
876,Letters & Sci Undeclared UG,3
877,Electrical Eng & Comp Sci BS,7
878,Economics BA,7
879,Letters & Sci Undeclared UG,3
880,"Chemical Biology BS, MCB-Biochem & Mol Biol BA",8
881,Cognitive Science BA,7
882,Letters & Sci Undeclared UG,2
883,Economics BA,5
884,Civil Engineering BS,5
885,Cognitive Science BA,5
886,Computer Science BA,7
887,Economics BA,5
888,Electrical Eng & Comp Sci BS,8
889,Electrical Eng & Comp Sci BS,7
890,Letters & Sci Undeclared UG,5
891,Electrical Eng & Comp Sci BS,3
892,Letters & Sci Undeclared UG,7
893,Letters & Sci Undeclared UG,5
894,Data Science BA,4
895,Letters & Sci Undeclared UG,5
896,Economics BA,7
897,"Computer Science BA, Economics BA",7
898,Letters & Sci Undeclared UG,5
899,Letters & Sci Undeclared UG,5
900,Applied Mathematics BA,5
901,Applied Mathematics BA,3
902,Letters & Sci Undeclared UG,7
903,Economics BA,7
904,"Cognitive Science BA, Computer Science BA",5
905,Economics BA,5
906,"Economics BA, Psychology BA",7
907,"Chemical Biology BS, Data Science BA",7
908,Legal Studies BA,7
909,Electrical Eng & Comp Sci BS,7
910,Letters & Sci Undeclared UG,3
911,Letters & Sci Undeclared UG,3
912,Cognitive Science BA,7
913,Electrical Eng & Comp Sci BS,5
914,Data Science BA,5
915,Civil Engineering BS,5
916,Letters & Sci Undeclared UG,7
917,"Data Science BA, Economics BA",8
918,Letters & Sci Undeclared UG,3
919,Electrical Eng & Comp Sci BS,5
920,Letters & Sci Undeclared UG,3
921,Letters & Sci Undeclared UG,3
922,"Economics BA, Legal Studies BA",7
923,Data Science BA,5
924,Letters & Sci Undeclared UG,5
925,Computer Science BA,5
926,Data Science BA,5
927,"Molecular & Cell Biology BA, Public Health BA",7
928,Computer Science BA,5
929,Electrical Eng & Comp Sci BS,7
930,Bioengineering BS,7
931,Letters & Sci Undeclared UG,3
932,Applied Mathematics BA,7
933,Letters & Sci Undeclared UG,3
934,Letters & Sci Undeclared UG,5
935,Electrical Eng & Comp Sci BS,7
936,Industrial Eng & Ops Rsch BS,3
937,Computer Science BA,3
938,Electrical Eng & Comp Sci BS,5
939,"Data Science BA, Environmental Sciences BS",5
940,Computer Science BA,8
941,Data Science BA,7
942,Computer Science BA,5
943,Public Health BA,7
944,Letters & Sci Undeclared UG,3
945,Letters & Sci Undeclared UG,3
946,Cognitive Science BA,5
947,Electrical Eng & Comp Sci BS,5
948,Applied Mathematics BA,7
949,Applied Mathematics BA,3
950,Data Science BA,5
951,Data Science BA,5
952,Data Science BA,7
953,"Business Administration BS, Computer Science BA",7
954,Letters & Sci Undeclared UG,5
955,Letters & Sci Undeclared UG,3
956,Computer Science BA,7
957,Electrical Eng & Comp Sci BS,5
958,Letters & Sci Undeclared UG,5
959,Letters & Sci Undeclared UG,5
960,Letters & Sci Undeclared UG,5
961,Environmental Sciences BS,5
962,Molecular & Cell Biology BA,7
963,Letters & Sci Undeclared UG,7
964,Data Science BA,5
965,Computer Science BA,3
966,"Cognitive Science BA, Data Science BA",5
967,Data Science BA,7
968,"Business Administration BS, Letters & Sci Undeclared UG",7
969,"Computer Science BA, Political Science BA",3
970,Bioengineering BS,7
971,Molecular & Cell Biology BA,7
972,Letters & Sci Undeclared UG,7
973,Japanese Language BA,4
974,Electrical Eng & Comp Sci BS,7
975,Computer Science BA,5
976,Industrial Eng & Ops Rsch BS,5
977,Letters & Sci Undeclared UG,3
978,Letters & Sci Undeclared UG,5
979,Electrical Eng & Comp Sci BS,3
980,Letters & Sci Undeclared UG,5
981,"Business Administration BS, Economics BA, Letters & Sci Undeclared UG",7
982,Applied Mathematics BA,7
983,Public Health BA,5
984,Letters & Sci Undeclared UG,7
985,Data Science BA,3
986,Letters & Sci Undeclared UG,3
987,Letters & Sci Undeclared UG,3
988,"Applied Mathematics BA, Statistics BA",7
989,"Business Administration BS, Letters & Sci Undeclared UG",5
990,Computer Science BA,5
991,Industrial Eng & Ops Rsch BS,7
992,"Architecture BA, Computer Science BA",5
993,Electrical Eng & Comp Sci BS,8
994,"Business Administration BS, Data Science BA",5
995,Economics BA,7
996,"Data Science BA, Economics BA",8
997,Data Science BA,5
998,Letters & Sci Undeclared UG,3
999,Mechanical Engineering BS,3
1000,Computer Science BA,5
1001,Letters & Sci Undeclared UG,3
1002,Data Science BA,7
1003,Letters & Sci Undeclared UG,3
1004,Cognitive Science BA,5
1005,Industrial Eng & Ops Rsch BS,5
1006,Letters & Sci Undeclared UG,5
1007,Bioengineering BS,7
1008,"Electrical Eng & Comp Sci BS, Industrial Eng & Ops Rsch BS",7
1009,Computer Science BA,5
1010,Computer Science BA,5
1011,Letters & Sci Undeclared UG,5
1012,Chemical Biology BS,7
1013,Environ Econ & Policy BS,7
1014,Cognitive Science BA,5
1015,Letters & Sci Undeclared UG,5
1016,Industrial Eng & Ops Rsch BS,3
1017,Letters & Sci Undeclared UG,7
1018,Letters & Sci Undeclared UG,7
1019,Electrical Eng & Comp Sci BS,7
1020,Computer Science BA,7
1021,Letters & Sci Undeclared UG,5
1022,"Business Administration BS, Letters & Sci Undeclared UG",5
1023,Economics BA,5
1024,Letters & Sci Undeclared UG,3
1025,Letters & Sci Undeclared UG,7
1026,Computer Science BA,7
1027,Letters & Sci Undeclared UG,5
1028,Computer Science BA,7
1029,Economics BA,5
1030,Computer Science BA,5
1031,Computer Science BA,5
1032,Cognitive Science BA,7
1033,Data Science BA,5
1034,Geophysics BA,7
1035,Letters & Sci Undeclared UG,7
1036,Data Science BA,5
1037,Letters & Sci Undeclared UG,5
1038,Electrical Eng & Comp Sci BS,7
1039,Applied Mathematics BA,5
1040,"Computer Science BA, Mathematics BA",5
1041,Letters & Sci Undeclared UG,3
1042,Electrical Eng & Comp Sci BS,5
1043,Computer Science BA,7
1044,Film BA,7
1045,Letters & Sci Undeclared UG,3
1046,Letters & Sci Undeclared UG,5
1047,Data Science BA,6
1048,Letters & Sci Undeclared UG,5
1049,Computer Science BA,5
1050,"Electrical Eng & Comp Sci BS, Statistics BA",7
1051,"Business Administration BS, Letters & Sci Undeclared UG",7
1052,Electrical Eng & Comp Sci BS,5
1053,Letters & Sci Undeclared UG,3
1054,Cognitive Science BA,5
1055,Data Science BA,5
1056,Computer Science BA,5
1057,Data Science BA,5
1058,Letters & Sci Undeclared UG,5
1059,Economics BA,7
1060,Letters & Sci Undeclared UG,3
1061,Electrical Eng & Comp Sci BS,7
1062,Computer Science BA,3
1063,Civil Engineering BS,5
1064,Letters & Sci Undeclared UG,4
1065,Data Science BA,5
1066,Computer Science BA,3
1067,"Computer Science BA, Linguistics BA",5
1068,Economics BA,7
1069,Electrical Eng & Comp Sci BS,5
1070,Letters & Sci Undeclared UG,7
1071,"Cognitive Science BA, Computer Science BA",5
1072,Cognitive Science BA,5
1073,Computer Science BA,3
1074,"Applied Mathematics BA, Economics BA",7
1075,Cognitive Science BA,5
1076,Electrical Eng & Comp Sci BS,3
1077,Computer Science BA,5
1078,Genetics & Plant Biology BS,7
1079,Computer Science BA,5
1080,Letters & Sci Undeclared UG,3
1081,Computer Science BA,3
1082,Economics BA,5
1083,Psychology BA,5
1084,Data Science BA,7
1085,Economics BA,7
1086,Computer Science BA,5
1087,Economics BA,7
1088,Sustainable Environ Dsgn BA,3
1089,Economics BA,5
1090,Economics BA,5
1091,Economics BA,7
1092,Letters & Sci Undeclared UG,3
1093,Letters & Sci Undeclared UG,5
1094,Computer Science BA,7
1095,Letters & Sci Undeclared UG,5
1096,Applied Mathematics BA,8
1097,Electrical Eng & Comp Sci BS,5
1098,Cognitive Science BA,8
1099,Economics BA,8
1100,Letters & Sci Undeclared UG,5
1101,Electrical Eng & Comp Sci BS,8
1102,"Business Administration BS, Data Science BA, Letters & Sci Undeclared UG",5
1103,Letters & Sci Undeclared UG,3
1104,"Economics BA, Statistics BA",7
1105,Cognitive Science BA,5
1106,Letters & Sci Undeclared UG,5
1107,Electrical Eng & Comp Sci BS,7
1108,Mechanical Engineering BS,7
1109,Data Science BA,7
1110,Letters & Sci Undeclared UG,5
1111,Civil Engineering BS,7
1112,Economics BA,8
1113,Computer Science BA,7
1114,Integrative Biology BA,5
1115,Economics BA,5
1116,"Applied Mathematics BA, Architecture BA, Data Science BA, Statistics BA",5
1117,Letters & Sci Undeclared UG,5
1118,Letters & Sci Undeclared UG,7
1119,Interdisciplinary Studies BA,8
1120,Cognitive Science BA,5
1121,"Environ Econ & Policy BS, Letters & Sci Undeclared UG",6
1122,Letters & Sci Undeclared UG,7
1123,Letters & Sci Undeclared UG,5
1124,Computer Science BA,5
1125,Letters & Sci Undeclared UG,7
1126,Electrical Eng & Comp Sci BS,5
1127,Media Studies BA,5
1128,Electrical Eng & Comp Sci BS,7
1129,Letters & Sci Undeclared UG,7
1130,"Business Administration BS, Economics BA",5
1131,Letters & Sci Undeclared UG,3
1132,Applied Mathematics BA,3
1133,Civil Engineering BS,7
1134,"Applied Mathematics BA, Computer Science BA",3
1135,Cognitive Science BA,7
1136,Economics BA,5
1137,Computer Science BA,7
1138,Computer Science BA,5
1139,Applied Mathematics BA,5
1140,Economics BA,8
1141,"Business Administration BS, Letters & Sci Undeclared UG",5
1142,"Data Science BA, Environ Econ & Policy BS, Letters & Sci Undeclared UG",7
1143,Computer Science BA,5
1144,Electrical Eng & Comp Sci BS,8
1145,Cognitive Science BA,7
1146,Economics BA,5
1147,Applied Mathematics BA,5
1148,Economics BA,7
1149,Electrical Eng & Comp Sci BS,6
1150,Letters & Sci Undeclared UG,3
1151,Computer Science BA,5
1152,Letters & Sci Undeclared UG,3
1153,Electrical Eng & Comp Sci BS,5
1154,"Computer Science BA, Environ Econ & Policy BS",8
1155,Industrial Eng & Ops Rsch BS,3
1156,Cognitive Science BA,3
1157,Letters & Sci Undeclared UG,8
1158,Economics BA,5
1159,"Applied Mathematics BA, Chemical Engineering BS, Computer Science BA",5
1160,"Applied Mathematics BA, Psychology BA",5
1161,"Business Administration BS, Letters & Sci Undeclared UG",5
1162,"Business Administration BS, Economics BA",5
1163,"Data Science BA, Nutritional Science BS",5
